"ahoj (při loučení), na shledanou",bye,baɪ,phr
"ahoj, čau (při setkání)",hi,haɪ,phr
americký,American,ə'merɪkən,adj
"anglický, angličtina",English,'ɪŋglɪʃ,adj
Angličan,English,'iŋgliʃ,n
"auto (osobní), vůz",car,kɑ:(r),n
babička,grandmother,'grænmʌðə(r),n
"blízko, poblíž",near,nɪə(r),prep
blog (na internetu),blog,blɒg,n
"bohudík, naštěstí, zaplaťpánbůh,",thank goodness,'θæŋk 'gʊdnəs,
bratr,brother,'brʌðə(r),n
"bratranec, sestřenice",cousin,'kʌzn,n
"centrum, střed",centre,'sentə(r),n
"děda, dědeček",grandfather,'grænfɑ:ðə(r),n
děkuji,thanks,θæŋks,
děti,children,'ʧildrən,n
"děvče, dívka",girl,gɜ:l,n
"dívka, přítelkyně chlapce, milá, milenka",girlfriend,'gɜ:lfrend,n
dnes,today,tə'deɪ,adv
dobré dopoledne,good morning,gʊd 'mɔ:nɪŋ,phr
dobré odpoledne,good afternoon,"gʊd ,ɑ:ftə'nu:n",phr
dobré ráno,good morning,gʊd 'mɔ:nɪŋ,phr
dobrou noc,good night,",gʊd'naɪt",phr
dobrý (~ v něčem),good (~ at st),gʊd,adj
doma,home (at home),hoʊm,n
"domácí úloha, domácí úkol",homework,'həʊmwɜ:k,n
"drahoušek, miláček, zlatíčko",darling,'dɑ:lɪŋ,n
"drahý, nákladný",expensive,ɪk'spensɪv,adj
"dům, domek",house,haʊs,n
Egypt,Egypt,'i:dʒɪpt,n
e-mail,e-mail,'i:meɪl,n
emailová adresa,email address,'i:meɪl ə'drəs,n
Evropa,Europe,'juərəp,n
francouzský,French,frenʧ,adj
"francouzština, Francouzi",French,frenʃ,
galerie,gallery,'gæləri,n
hláskovat,spell,spel,v
"horký, teplý",hot,hɒt,adj
"chladný, studený",cold,kəʊld,adj
"Ital, Italka",Italian,ɪ'tæɪən,n
"italský, italština",Italian,ɪ'tæɪən,adj
"jaký, který, co",what,wɒt,pron
Japonsko,Japan,dʒæ'pæn,n
"jazyk, řeč",language,'læŋgwɪdʒ,n
"je, jim (4. pád zájmena oni)",them,ðem,pron
jeho,his,hɪz,pron
její,her,hɜ:(r),pron
jídlo,meal,mi:l,n
jméno,name,neɪm,n
"kancelář, úřad",office,'ɒfɪs,n
"kavárna, denní bar",coffee bar,'kɒfɪ bɑ:(r),n
"kavárna, restaurace (levná)",café,'kæfeɪ,n
"kde, kam, odkud",where,weə(r),pron
"krásná, nádherná (popis ženy, ne muže)",beautiful,'bju:tɪfl,adj
křestní jméno,first name,fɜ:st neɪm,n
"laciný, levný",cheap,ʧi:p,adj
"lékař, doktor",doctor,'dɒktə(r),n
lidé,people,'pi:pl,n
Maďarsko,Hungary,'hʌŋgəri,n
malý,small,smɔ:l,adj
manžel,husband,'hʌzbənd,n
manželka,wife,waɪf,n
matka,mother,'mʌðə(r),n
město (velké nebo významné),city,'siti,n
Mexiko,Mexico,'meksɪkəʊ,n
mezinárodní,international,",ɪntə'næʃnəl",adj
"milovat, mít hodně rád",love,lʌv,v
místo,place,pleɪs,n
"mít rád, líbit se",like,laɪk,v
mladý,young,jʌŋ,adj
"mluvit, hovořit (hovořím např. pouze já)",speak,spi:k,v
muzeum,museum,mju:'zɪəm,n
nakupování,shopping,'ʃɒpɪŋ,n
"nashledanou, sbohem",goodbye,",gʊd'baɪ",phr
"nazdar, ahoj, pozdrav",hello,hə'ləʊ,n
Německo,Germany,'dʒɜ:mənɪ,n
neteř,niece,ni:s,n
obchody,shops,ʃɒps,n
obtížný,difficult,'dɪfɪkəlt,adj
"opravdu, vskutku, skutečně",really,'riəli,adv
ostrý,hot,hɒt,
otec,father,'fɑ:ðə(r),n
"park, sad",park,pɑ:k,n
pátek,Friday,'fraɪdeɪ,n
"pěkný, příjemný, milý",nice,naɪs,adj
počasí,weather,'weðə(r),n
podívat se (na něco),look (at sth),lʊk,v
"podzemní dráha, metro",underground,'ʌndəgraʊnd,n
"pomalý, zdlouhavý",slow,sləʊ,adj
pondělí,Monday,'mʌndeɪ,n
prodejce,salesman,'seɪlzmən,n
prosím,please,pli:z,adv
přátelský,friendly,'frendli,adj
"příjemný, milý",lovely,'lʌvlɪ,adj
příjmení,surname,'sɜ:neɪm,n
"příšerný, hrozný, strašný",horrible,'hɒrəbl,adj
"přítel (dívky), milý, milenec",boyfriend,'bɔɪfrend,n
rodiče,parents (pl),'peərənts,n
rodina,family,'fæməlɪ,n
rok,year,jɪə(r),n
"rozumět, porozumět",understand,",ʌndə'stænd",v
rychle,fast,fɑ:st,adv
Řím,Rome,rəʊm,n
sestra,sister,'sɪstə(r),n
"setkat se, potkat se",meet,mi:t,v
"slunečný, slunný, prosluněný",sunny,'sʌnɪ,adj
"snadný, jednoduchý",easy,'i:zɪ,adj
starý,old,əʊld,adj
stejný,same,seɪm,pron
"strýc, stýček",uncle,'ʌŋkl,n
student,student,'stju:dnt,n
syn,son,sʌn,n
synovec,nephew,'nevju:,n
škola,school,sku:l,n
Španělsko,Spain,speɪn,n
"špatný, zlý",bad,bæd,adj
Švýcarsko,Switzerland,'swɪtsələnd,n
telefonní číslo,phone number,fəʊn 'nʌmbə(r),n
teta,aunt,ɑ:nt,n
třída,class,klɑ:s,n
"učitel, učitelka",teacher,'ti:ʧə(r),n
univerzita,university,",ju:nɪ'vɜ:sətɪ",n
"v pořádku, dobře",all right,ɔ:l raɪt,adv
"věk, stáří",age,eɪdʒ,n
velký,big,bɪg,adj
velmi dobře,very well,veri 'wel,adj
víkend,weekend,",wi:k'end",n
vítejte,welcome,'welkəm,
"vynikající, skvělý, úžasný, velký",great,greɪt,adj
"z, od",from,frɒm,prep
zajímavý,interesting,'ɪntrəstɪŋ,adj
západ (světová strana),west,west,n
zdarma,free,fri:,adj
"známý, slavný, proslulý",famous,'feɪməs,adj
"ženatý, vdaná za někoho",married to sb,'mærid,adj
"žít, bydlet (trvale)",live,lɪv,v
architekt,architect,'ɑ:kɪtekt,n
"baletka, baletní tanečník",ballet dancer,'bæleɪ dɑ:nsə(r),n
bankéř,banker,'bæŋkə(r),n
Belgie,Belgium,'beldʒəm,n
bengálský,Bengali,beŋ'gɔ:li,adj
"budova, stavba",building,'bɪldɪŋ,n
cestovat,travel,'trævl,v
"čas, doba (kdy)",time,taɪm,n
"čtení, četba",reading,'ri:dɪŋ,n
"diskžokej, DJ",disc jockey,'dɪsk dʒɒki,n
"dívat se na (něco), sledovat",watch (~ st),wɒʧ,v
Francie,France,fra:ns,n
fyzika,physics,'fɪzɪks,n
herečka,actress,'æktrəs,n
"historie, dějiny",history,'hɪstri,n
hlavní (město),capital,'kapɪtl,n
hodina (60 minut),hour,'aʊə(r),n
hodiny (nástěnné),clock,klɒk,n
hotel,hotel,həʊ'tel,n
hrát,play,pleɪ,v
"chodit,jít pěšky",walk,wo:k,v
"chudý, nemajetný",poor,pɔ:(r),adj
Indie,India,'ɪndɪə,n
Internet,Internet,'ɪntənət,n
"inženýr, technik",engineer,endʒə'nɪə(r),n
"jít, chodit, jet",go,gəʊ,v
kadeřník,hairdresser,'heədresə(r),n
kulečník,snooker,'snu:kə(r),n
letiště,airport,'eəpɔ:t,n
matematika,Maths,mæθs,n
město,town,taʊn,n
"mít, vlastnit",have,hæv,v
mnoho (u počitatelných podst.jmen),many,'meni,pron
"modelka, model, vzor",model,mɒdl,n
"navrhovat, vytvářet (dům, web stránky ap.)",design,dɪ'zaɪn,v
navštívit,visit,'vɪzɪt,v
"někdy, občas",sometimes,'sʌmtaɪmz,adv
nikdy (před významovým slovesem),never,'nevə(r),adv
"novinář, žurnalista",journalist,'dʒɜ:nəlɪst,n
"novinový článek, reportáž",news story,nju:z 'stɔ:ri,n
"noviny (tiskovina), denní tisk",newspaper,'nju:zpeɪpə(r),n
Nový Zéland,New Zealand,",nju: 'zi:lənd",n
oběd,lunch,lʌnʧ,n
peníze,money,'mʌni,n
pilot,pilot,'paɪlət,n
"plat (stálý), mzda",salary,'sælərɪ,n
popová hvězda,pop star,pɒp stɑ:(r),n
poušť,desert,'dezət,n
"práce v domácnosti, domácí práce",housework,'haʊswɜ:k,n
pracovat,work,wɜ:k,v
právnická firma,law firm,lɔ: fɜ:m,n
"právník, advokát",lawyer,'lɔ:jə(r),n
"procházka, procházet se",walk,wɔ:k,n
"přesně, konkrétně",exactly,ɪg'zæktli,adv
"přijít, přicházet, dostavit se",come,kʌm,v
přirozený,natural,'næʧrəl,adj
"psát, napsat",write,raɪt,v
"recepční, vrátný",receptionist,rɪ'sepʃənɪst,n
ropná plošina,oil rig,'ɔɪl rɪg,n
Skotsko,Scotland,'skɒtlənd,n
slavný,famous,'feɪməs,adj
"spěchat, chvátat",hurry,'hʌri,v
"stát (kolik něco stojí), mít cenu",cost,kost,v
stříhat,cut,kʌt,v
studovat,study,'stʌdɪ,v
"svět, země",world,wɜ:ld,n
španělský,Spanish,'spæniʃ,adj
"španělština, Španělé",Spanish,'spæniʃ,n
šťastný (mít štěstí),lucky,'lʌkɪ,adj
taxikář,taxi driver (AmE cab driver),"'tæksi ,draɪvə(r)  (kæbdraɪvər)",n
televizor,TV,",ti: 'vi:",n
tělocvična,gym (gymnasium),dʒɪm,n
"tlumočník, tlumočnice",interpreter,ɪn'tɜ:prɪtə(r),n
učit se,learn,lɜ:n,v
ulice,street (in the street),stri:t,n
"unavený, vyčerpaný, utahaný",tired,'taɪəd,adj
"venku, venkovní prostředí",outdoors,",aʊt'dɔ:z",
vesnice,village,'vɪlɪdʒ,n
vlasy (pomnožné),hair,heə(r),n
volný čas,free time,fri: taɪm,n
vydělat peníze,earn,ɜ:n,v
"vzrušující, napínavý",exciting,ɪk'saɪtɪŋ,adj
zaměstnání,job,dʒɒb,n
zaneprázdněný,busy,bɪzi,adj
zdravotní sestra,nurse,nɜ:s,n
"země, stát",country,'kʌntri,n
zoolog,zoologist,zu'ɒlədʒɪst,n
zubař,dentist,'dentɪst,n
zuby,teeth,ti:θ,n
zvíře,animal,'ænɪməl,n
badminton,badminton,'bædmɪntən,n
"běh, běhání (sport)",running,",rʌnɪŋ",n
"bilingvní, hovořící dvěma jazyky",bilingual,",baɪ'lɪŋgwəl",adj
"bosý, naboso",barefoot,'beəfʊt,adj
"byt, garsoniéra, podnájem",apartment,ə'pɑ:tmənt,n
"cizí, zahraniční",foreign,'fɒrən,adj
cvičení,exercise,'eksəsaɪz,n
"časně, brzy",early,'ɜ:lɪ,adv
často,often,'ɒfn,adv
čtvrtek,Thursday,'θɜ:zdeɪ,n
"dokončit, dodělat, skončit",finish,'fɪnɪʃ,v
"dopravní situace, doprava",traffic,'træfɪk,n
"dovolená, prázdniny",holiday,'hɒlədeɪ,n
"fotbal, kopaná",football (AmE soccer),'fʊtbɔ:l ('sɑ:kər),n
golf,golf,gɑlf,n
"hospoda (hovorově, brit.)",pub,pʌb,n
hudba,music,'mju:zɪk,n
indický,Indian,'ɪndɪən,adj
japonský,Japanese,",dʒæpə'ni:z",adj
jídlo na objednávku s donáškou nebo možno vzít sebou,takeaway,'teɪkəweɪ,n
jízda na kole,cycling,'saɪklɪŋ,n
"kapela, hudební skupina",band,bænd,n
"karta, lístek",card,kɑ:d,n
kino,cinema,'sɪnəmə,n
kniha,book,bʊk,n
knihkupectví,bookstore,'bʊ:kstɔ:r,n
kuře,chicken,'ʧɪkɪn,n
květina,flower,'flaʊə(r),n
lázně,spa,spɑ:,n
"lepivý, lepkavý",sticky,'stɪki,adj
lyžování,skiing,'ski:ɪŋ,n
"malý, maličký",little,'lɪtl,adj
masáž,massage,'mæsɑ:ʒ,n
mléčný karamel,toffee,'tɒfi,n
mobilní telefon,mobile phone,'məʊbaɪl foʊn,n
"moučník, zákusek",pudding,'pʊdɪŋ,n
neděle,Sunday,'sʌndei,n
"obchod s módním zbožím, butik",boutique,bu:'ti:k,n
obvykle,usually,'ju:ʒəlɪ,adv
"osobní, vlastní, soukromý",personal,'pɜ:sənl,adj
pečeně,roast,rəʊst,n
pečený,roast,rəʊst,adj
plachtění,sailing,'seɪlɪŋ,n
plavání,swimming,'swɪmɪŋ,n
počítač,computer,kəm'pju:tə(r),n
"pohlednice, korespondenční lístek",postcard,'pəustkɑ:d,n
poker,poker,'pəʊkə(r),n
poslouchat (~ koho/co),listen (~ to sb/st),'lɪsn,v
"postavit se (ze židle, z postele)",get up,get 'ʌp,v
postel,bed,bed,n
poštovní směrovací číslo,post code,'pəʊst kəʊd,n
problém,problem,'prɒbləm,n
"program, plán, pořad",programme,'prəugræm,n
"promiňte, pardon (oslovení neznámé osoby)",excuse me,ɪk'skju:s mi,intr
"Prosím?, Co jste říkal?",pardon?,'pɑ:dn,
restaurace,restaurant,'restrɒnt,n
sobota,Saturday,'sætədei,n
squash,squash,skwɒʃ,n
středa,Wednesday,'wenzdeɪ,n
šťastný,happy,'hæpi,adj
tancování,dancing,'dɑ:nsɪŋ,n
tenis,tennis,'tenɪs,n
teplo,warm,wɔ:m,n
teplý,warm,wɔ:m,adj
tráva,grass,grɑ:s,n
Turecko,Turkey,'tɜ:ki,n
týden,week,wi:k,n
úterý,Tuesday,'tju:zdeɪ,n
"uvnitř, v interiéru",indoor,'ɪndɔ:(r),adj
"užívat si, radovat se, těšit se z něčeho",enjoy,ɪn'dʒɔɪ,v
"vana, koupel",bath,bɑ:θ,n
vařit,cook,kʊk,v
večer,evening,'i:vnɪŋ,n
venkov,countryside,'kʌntrɪsaɪd,n
venkovní,outdoor,'aʊtdɔ:(r),adj
vstát / vstávat (po spánku),get up,get 'ʌp,v
vždy; stále,always,'ɔ:lweɪz,adv
windsurfing,windsurfing,'wɪndsɜ:fɪŋ,n
zahradní centrum (prodejna),garden centre,'gɑ:dn sentə(r),n
"zpěvák, zpěvačka",singer,'sɪŋə(r),n
"žádost, přihláška (tiskopis), formulář pro žádost",application form,",æplɪ'keɪʃn fɔ:m",n
adresář (seznam adres),address book,ə'dres bʊk,n
autobusová zastávka,bus stop,'bʌs stɒp,n
autobusové jízdné,bus fare,bʌs feə(r),n
báječný,wonderful,'wʌndəfl,adj
balkón,balcony,'bælkəni,n
barva,colour,'kʌlə,n
běžecká stezka,jogging track,'dʒɒgɪŋ træk,n
bowlingová herna,bowling alley,",bəʊliŋ æli",n
byt,flat,flæt,n
"dámská peněženka, kabelka",purse,pɜ:s,n
"dar, dárek",gift,gɪft,n
"džbánek, velká sklenice, větší hrnek",mug,mʌg,n
"fantastický, úžasný, skvělý",fantastic,fæn'tæstɪk,adj
host,guest,gest,n
"hrnek, šálek",cup,cʌp,n
chodník,pavement,'peɪvmənt,n
jídelna (místnost),dining room,'daɪnɪŋ ru:m,n
jíst,eat,i:t,v
katedrála,cathedral,kə'θi:drəl,n
"kino, promítací sál (AmE)",movie theater,'mu:vi: 'θɪətə(r),n
klíč,key,ki:,n
"knihovna (veřejná, místnost ap.)",library,'laɪbrərɪ,n
koberec,carpet,'kɑ:pɪt,n
"konvice (na vaření vody, i rychlovarná)",kettle,'ketl,n
"koupaliště, bazén",swimming pool,'swɪmɪŋ pu:l,n
koupelna,bathroom,'bɑ:θru:m,n
"krb, ohniště",fireplace,'faɪəpleɪs,n
křeslo,armchair,'ɑ:mʧeə(r),n
"křídlo, část budovy",wing,wɪŋ,n
kuchyně,kitchen,'kɪʧɪn,n
"lampa, svítilna",lamp,læmp,n
"lavička, sedátko, sedačka",bench,benʧ,n
lednička (hovorově),fridge,frɪdʒ,n
ložnice,bedroom,'bedru:m,n
na,on,ɒn,prep
nábytek (bez členu),furniture (~ is),'fɜ:nɪʧər,n
"nad (čím), výš než (co)",above,ə'bʌv,prep
"najmout, pronajmout",rent,rent,v
"naproti, proti, protilehlý",opposite,'ɒpəzɪt,prep
narozeniny,birthday,'bɜ:θdei,n
"návštěvník, host",visitor,'vɪzɪtə(r),n
obchod s lékárnou a drogedií,chemist's,'kemɪsts,n
"obrázek, obraz",picture,'pɪkʧə(r),n
obývací pokoj,living room,'lɪvɪŋ ru:m,n
"ohromující, úžasný",amazing,ə'meɪzɪŋ,adj
okno,window,'wɪndəʊ,n
"ovoce, plod",fruit,fru:t,n
"pánská peněženka, náprsní taška",wallet,'wɒlɪt,n
"pero, propiska",pen,pen,n
pěstovat,grow,grəʊ,v
"plánovací diář, deník, kapesní kalendář",diary,'daɪəri,n
pod,under,'ʌndə(r),prep
"pohodlný, příjemný",comfortable,'kʌmfətəbl,adj
"pohovka, gauč",sofa (AmE couch),'səʊfə / kaʊʧ,n
"police, regály na knihy",bookshelfs,"'bʊk,ʃelfz",n
"poštovní úřad, pošta",post office,"'pəʊst ,ɒfɪs",n
"pracovní stůl, lavice",desk,desk,n
"pračka, automatická pračka",washing machine,'wɒʃɪŋ məʃi:n,n
prezident,president,'prezɪdənt,n
první patro,first floor,",fɜ:st 'flɔ:(r)",n
přehrávač DVD,DVD player,",di: vi: 'di: 'pleɪə(r)",n
"příšerný, strašný, odporný (o něčem, co se nám nelíbí)",awful,'ɔ:fl,adj
"relaxovat, odpočinout si",relax,rɪ'læks,v
rtěnka,lipstick,'lɪpstɪk,n
ručník,towel,'taʊəl,n
"sklenice, sklo",glass,glɑ:s,n
spát,sleep,sli:p,v
"sporák, vařič",cooker,'kʊkə(r),n
sprcha,shower,'ʃaʊə(r),n
"strašný, hrozný",terrible,'terəbl,adj
strom,tree,tri:,n
stůl (jídelní ap.),table,'teɪbl,n
svatba,wedding,'wedɪŋ,n
světově proslulý,world-famous,",wɜ:ld 'feɪməs",adj
"šaty, oděvy, oblečení",clothes,kləʊðz,n
"šéf, vedoucí",boss,bɒs,n
"talíř, miska, tác",plate,pleɪt,n
telefon,phone,fəʊn,n
tenisový kurt,tennis court,'tenɪs kɔ:t,n
trouba,oven,'ʌvn,n
třetí patro,third floor,θɜ:d flɔ:(r),n
"úžasný, fantastický, skvostný",fabulous,'fæbjələs,adj
"v, ve",in,ɪn,prep
večeře,dinner,'dɪnə(r),n
"večírek, party",party,'pɑ:tɪ,n
vedle něčeho,next to sth,'nekst tu:,prep
"venku, ven",outside,",aʊt'saɪd",n
veřejnost,public,'pʌblɪk,n
víno (alkoholický nápoj),wine,wain,n
vládní budova,government building,'gʌvənmənt 'bɪldɪŋ,n
"vybrat, zvolit",choose,ʧu:z,v
"vynikající, výborný",excellent,'eksələnt,adj
výtah (AmE),elevator,'elɪveɪtə(r),n
zahradník,gardener,'gɑ:dnə(r),n
závěsy,curtains,'kɜ:tnz,n
"zeď, stěna",wall,wɔ:l,n
zelenina,vegetables,vedʒtəblz,n pl
zrcadlo,mirror,'mɪrə(r),n
"benzín, palivo",petrol,'petrəl,n
bohatý,rich,rɪʧ,adj
brýle (dioptrické),glasses (pl),'glɑ:sɪz,n pl
"cello, violoncello",cello,'ʧeloʊ,n
cizí jazyky,foreign language,",fɒrən 'læŋgwɪdʒ",n
country a western,country and western,'kʌntri ənd 'westən,n
čínský,Chinese,",ʧaɪ'ni:z",adj
dítě,child,ʧaɪld,n
důležitý,important,ɪm'pɔ:tnt,adj
džíny,jeans (pl),dʒi:nz,n
housle,violin,",vaɪə'lɪn",n
houslista,violinist,",vaɪə'linist",n
hrdina,hero,'hɪərəʊ,n
hudební nástroj,musical instrument,",mju:zɪkl 'ɪnstrəmənt",n
chemické čištění,dry-cleaning,",draɪ 'kli:nɪŋ",n
"inzerát (jednotlivý), reklama",advertisement,əd'vɜ:tɪsmənt,n
"jet, jezdit (na něčem obkročmo - kůň,kolo)",ride,raɪd,v
jezdit na skateboardu,skateboard,'skeɪtbɔ:d,v
"jídelní lístek, menu",menu,'menju:,n
"jízdenka, lístek, vstupenka",ticket,'tɪkɪt,n
jízdní kolo (hovorově),bike,baɪk,n
"klasická, vážná hudba",classical music,'klæsɪkl 'mju:zɪk,n
koncert (hudební),concert,'kɒnsət,n
"kravata, vázanka",tie,taɪ,n
kreditní karta,credit card,'kredɪt kɑ:d,n
kytara,guitar,gɪ'tɑ:(r),n
laskavost (přátelská služba),favour,'feɪvə(r),n
"letět, létat",fly,flaɪ,v
"malba, obraz, malířství",painting,'peɪntɪŋ,n
"malíř, malířka",painter,'peɪntə(r),n
metr,metre,'mi:tə(r),n
mexický,Mexican,'meksɪkən,n
Mexičan,Mexican,'meksɪkən,n
"mluvit, hovořit, povídat si",talk,tɔ:k,v
moci si něco dovolit si (finančně),afford,ə'fɔ:d,v
"motorka, motocykl",motorbike,'məʊtəbaɪk,n
někoho někam odvést,drive,draɪv,v
někoho svézt,lift,lɪft,v
"nezávislý, samostatný",independent,",indɪ'pendənt",adj
"nosit, mít na sobě",wear (sth),weə(r),v
obchod (prodejna),shop,ʃɒp,n
"obchod, podnikání",business,'bɪznəs,n
oblek; kostým (dámský),suit,su:t,n
"odeslat, poslat",send,send,v
"okamžik, chvíle, chvilka",moment,'məʊmənt,n
otevřít,open,'əʊpən,v
otočit se zpět,turn back,tɜ:n 'bæk,v
"pianista, klavírista",pianist,'pɪənɪst,n
plakat,cry,kraɪ,v
"platit, zaplatit",pay,peɪ,v
poslat poštou,post,pəʊst,v
"profesionálně, odborně",professionally,prə'feʃənəli,adv
příležitost,occasion,ə'keɪʒn,n
"půjčit si, vypůjčit si",borrow,'bɒroʊ,v
"pyšný (~ na, ~, že)","proud (~ of, ~ that)",praʊd,adj
rychlost,speed,spi:d,n
"řídit, jet (v autě)",drive,draɪv,v
"sedět, sednout si",sit,sɪt,v
sendvič,sandwich,'sænwɪdʒ,n
"sentimentální, dojemný",sentimental,",sentɪ'mentl",adj
"skočit, skákat",jump,dʒʌmp,v
"stanice, zastávka, nádraží",station,'steɪʃn,n
"starat se o, pečovat o (fráz.sloveso)",look after sb/st,lʊk 'ɑ:ftə(r),v
"středisko, resort (lyžařské středisko)",resort (ski resort),rɪ'zɔ:t,n
světlo,light,laɪt,n
sýr,cheese,ʧi:z,n
talentovaný,talented,'tæləntɪd,adj
"taška, sáček, batoh",bag,bæg,n
televize,television,'telɪvɪʒn,n
"textová zpráva, SMS",text message,tekst 'mesɪdʒ,n
"těžký, obtížný, nesnadný",hard,hɑ:d,adj
tvrdě pracující,hard-working,",hɑ:d'wɜ:kɪŋ",adj
umění,art,ɑ:t,n
"určitě, rozhodně, jistě",certainly,'sɜ:tnlɪ,adv
"úspěch, zdar",success,sək'ses,n
uspět,succeed,sək'si:d,v
"vášnivý, nadšený",passionate,'pəʃənət,adj
vidět,see,si:,v
"voda, vodní plocha",water,'wɔ:tə(r),n
zajímat se o něco,interested (be interested in st),'intrestɪd,adj
zastavit,stop,stɒp,v
"zázračné dítě, (mladý) génius",prodigy,'prɒdədʒɪ,n
zmrzlina,ice cream,'aɪs kri:m,n
zpáteční lístek,return ticket,rɪ'tɜ:n 'tɪkɪt,n
"žena v domácnosti, hospodyně",housewife (mn.č. housewives),'haʊswaɪf  / 'haʊswaɪvz,n
"cena, odměna, ocenění",award,ə'wɔ:d,n
"dárek, dar",present,'preznt,n
"dát, dávat,",give,gɪv,v
datum,date,deɪt,n
dcera,daughter,'dɔ:tə(r),n
"dělat, tvořit, udělat",make,meɪk,v
"déle, delší",longer,'lɒngə(r),adj
Den sv. Valentýna,Valentine's Day,'væləntaɪnz deɪ,n
dětství,childhood,'ʧaɪldhʊd,n
dolar,dollar,'dɒlə(r),n
"dost, dostatek",enough,ɪ'nʌf,adv
"dostat, přijmout, obdržet",receive,rɪ'si:v,v
"dotazovat se, dělat rozhovor",interview,'ɪntəvju:,v
"drama, divadelní hra",drama,'drɑ:mə,n
dyslektický,dyslexic,dɪs'leksɪk,adj
emaily,emails,'i:meɪlz,n pl
"exportovat, vyvážet",export,'ekspɔ:t,v
film,film,fɪlm,n
fotbalový tým,football team,'fʊtbɔ:l ti:m,n
"charita, dobročinnost, štědrost",charity,'ʧærətɪ,n
"chování (lidí, zvířat)",behaviour,bɪ'heɪvjə(r),n
"chytit, chytat",catch,kæʧ,v
"chytrý, bystrý",clever,'klevə(r),adj
"konstruktér/ka, návrhář/ka",designer,dɪ'zaɪnə(r),n
"legrační, komický, zábavný",funny,'fani,adj
"loďka, člun, malá loď",boat,boʊt,n
"loni, minulý rok",last year,lɑ:st jɜ:(r),
"loterie, sázková hra",lottery,'lɒtərɪ,n
"má to význam, záleží na tom",matter,'mætə(r),v
maratón,marathon,'mærəθən,n
měsíc (kalendářní),month,mʌnθ,n
miliardář,billionaire,",bɪljə'neə(r)",n
milionář,millionaire,",mɪljə'neə(r)",n
"minuta, chvilka",minute,'mɪnɪt,n
"místní, zdejší (tisk, zastupitelstvo ap.)",local,'ləʊkl,adj
"mnoho, hodně",much,maʧ,det
"mnoho, spousta, hodně (čeho)",lots (of sth),lɒts,adv
módní přehlídka,fashion show,'fæʃn ʃəʊ,n
nadšený,excited,ɪk'saɪtɪd,adj
národnost,nationality,",næʃə'nælətɪ",n
narozen,born,bɔ:n,adj
"naštvaný, rozlobený",annoyed,ə'nɔɪd,adj
nejbohatší,the richest,ðə 'rɪʧɪst,adj
nejlepší přítel,best friend,best frend,n
nic,nothing,'nʌθɪŋ,pron
obchodník,businessman,'bɪznɪsmən,n
"odejít, odjet, odletět, nechat, opustit",leave,li:v,v
"odpočinek, siesta",siesta,si'estə,n
"opět, zase, znovu",again,ə'geɪn,adv
opožděný,late,leit,adj
"pán, muž, džentlmen",gentleman,'dʒentlmən,n
plný (~ něčeho),full (~ of st),fʊl,adj
"podnikatel, provozovatel",entrepreneur,",ɒntrəprə'nɜ:(r)",n
"pomoci, pomáhat",help,help,v
pozdě,late,leɪt,adv
praprarodiče,great-grandparents,greɪt 'grænpeərənts,n
problémy,problems,'prɒbləmz,n pl
první,first,'fɜ:st,num
"před, před tím než, dříve než (časově)",before,bɪ'fɔ:r,conj
přednáška (univerzitní),lecture,'lekʧə(r),n
"přijet, přijít, dorazit",arrive,ə'raɪv,v
"přítel, kamarád",friend,frend,n
"rada, doporučení",advice,əd'vaɪs,n
rozhlasová stanice,radio station,'reɪdiəʊ 'steɪʃn,n
ryba (ryby),fish,fɪʃ,n
rybář,fisherman,'fɪʃəmən,n
slovo,word,wɜ:d,n
smát se (komu/čemu),laugh (at sb/sth),lɑ:f,v
snídaně,breakfast,'brekfəst,n
"software, programové vybavení",software,'sɒftweə(r),n
společnost,company,'kʌmpəni,n
"stěhovat se, přestěhovat se",move,mu:v,v
stipendium,scholarship,'skɒləʃɪp,n
století,century,'senʧəri,n
"talk show, diskuzní pořad",talk show,'tɔ:k ʃəʊ,n
tatínek,dad (informal),dæd,n
televizní hvězda,TV star,",ti:'vi: stɑ:(r)",n
"topinka, toust",toast,təʊst,n
uhelný důl,coal mine,'kəʊl maɪn,n
uklízet,clean,kli:n,v
umělecky založený,artistic,ɑ:'tɪstɪk,adj
úspěšný,successful,sək'sesfl,adj
už ne (v záporných větách a otázkách),any more,eni 'mɔ:,adv
Vánoce,Christmas,'krɪsməs,n
včera,yesterday,'jestədeɪ,adv
včera večer,last night,lɑ:st naɪt,
vést firmu,run a company,rʌn ə kʌmpəni,
všechno,everything,'evriθɪŋ,pron
"všude, kdekoli",everywhere,'evrɪweə(r),adv
vydělat,make,meɪk,v
"vyhrát, zvítězit",win,wɪn,v
"začít, začínat",begin,bɪ'gɪn,v
"začít, zahájit",start,stɑ:t,v
"zápas, utkání",match (in sport),mæʧ,n
zemřít,die,daɪ,v
"zeptat se, ptát se",ask,ɑ:sk,v
zítra,tomorrow,tə'mɒrəʊ,adv
"zkouška, test ve škole (hovorově)",exam,ɪg'zæm,n
"znepokojený, ustaraný (~ něčím)",worried,'wʌrid,adj
"znuděný, otrávený (~ něčím)",bored,bɔ:d,adj
"zprávy (v novinách, televizi ap.)",news,nju:z,n
"ztratit, prohrát",lose,lu:z,v
zůstat v kontaktu,stay in touch,stei ɪn tʌʧ,
"zvolat, vykřiknout",exclaim,ɪk'skleɪm,v
žena/(mn. číslo) ženy,woman/(pl) women,'wʊmən/ 'wɪmɪn,n
"ani tušení, nemít ponětí",no idea,nəʊ aɪ'dɪə,
"astronaut, kosmonaut",astronaut,'æstrənɔ:t,n
"blahopřání, gratulace",congratulations,"kən,græʧu'leɪʃnz",n pl
"celý, veškerý",whole,həʊl,adj
cesta (z jednoho místa na druhé),journey,'dʒɜ:ni,n
cestovní pas,passport,'pɑ:spɔ:t,n
deštník,umbrella,ʌm'brelə,n
"dokončit, dodělat",complete,kəm'pli:t,v
"dort, koláč bez ovoce",cake,keɪk,n
film,movie,'mu:vi,n
filozofie,philosophy,fɪ'lɒsəfi,n
"havárie, nehoda",crash,kræʃ,n
"hity, oblíbené skladby",hits,hɪts,n pl
hluboce,deeply,'di:pli,adv
"kámen, hornina",rock,rɒk,n
kanály,channels,'ʧænlz,n pl
kapesné,pocket money,'pɒkɪt 'mʌni,n
"klid, mír",peace,pi:s,n
komiks,comics,'kɒmɪks,n
kompas,compass,'kʌmpəs,n
košile,shirt,ʃɜ:t,n
let letadlem,flight,flaɪt,n
letadlo,plane,pleɪn,n
"letectví, letecký průmysl",aviation,",eɪvɪ'eɪʃn",n
léto,summer,'sʌmə(r),n
lidstvo,mankind,mæn'kaɪnd,n
"lunární modul, měsíční modul",lunar module,'lu:nə(r) 'mɒdju:l,n
mávat,wave,weɪv,v
měsíc,moon,mu:n,n
mlha,fog,fɒg,n
"moderní, novodobý",modern,'mɒdn,adj
"muž, člověk /(mn.č.) muži",man/ (pl) men,mæn/ men,n
myčka nádobí,dishwasher,'dɪʃwɒʃə,n
nadmořská výška,altitude,'æltɪtju:d,n
"náhle, vtom, neočekávaně, nenadále",suddenly,'sʌdənli,adv
námořník,sailor,'seɪlə(r),n
naštěstí,fortunately,'fɔ:ʧənətli,adv
"nebezpečný, riskantní",dangerous,'deɪndʒərəs,adj
nehoda,accident,'æksɪdənt,n
nemocnice,hospital,'hɒspɪtl,n
nemocný,ill,ɪl,
nemožný,impossible,ɪm'pɒsəbl,adj
"nepřetržitě, nonstop",non-stop,nɒnstɒp,adj
"obrovský, obří",giant,'dʒaɪent,adj
"obrovský, velikánský, nesmírný, enormní",enormous,ɪ'nɔ:məs,adj
"odstartovat, vzlétnout (raketa ap.)",lift off,'lɪft ɒf,v
ohňostroj,fireworks,'faɪəwɜ:ks,n
"okamžitě, ihned",immediately,ɪ'mi:diətli,adv
"opatrně, pečlivě, pozorně",carefully,'keəfəli,adv
"pamatovat si, vzpomenout si",remember,rɪ'membə(r),v
"pevnina, země",land,lænd,n
"plavba (lodí na moři), dlouhá cesta",voyage,'vɔɪɪdʒ,n
"plynule, plynně, ladně",fluently,'flu:əntli,adv
"pololetí, semestr, část školního roku",term,tɜ:m,n
pomalu,slowly,'sləʊli,adv
"poranění, zranění, úraz",injury,'ɪndʒəri,n
povrch,surface,'sɜ:fɪs,n
"pozvání, pozvánka, výzva",invitation,",ɪnvɪ'teɪʃn",n
pozvat,invite,ɪn'vaɪt,v
"probudit se, vzbudit se",wake up,weɪk 'ʌp,v
"prodat, prodávat",sell,sel,v
profesor (jen vysokoškolský),professor,prə'fesə(r),n
protože,because,bɪ'kɒz,conj
průkopník,pioneer,",paɪə'nɪə(r)",n
průzkum,exploration,",eksplə'reɪʃn",n
přechod pro chodce,crossing,'krɒsɪŋ,n
"přeplavba, přejezd (trajektu, lodi ap.)",crossing,'krɒsɪŋ,n
"připojit se přidat se (ke komu, k čemu)",join,dʒɔɪn,v
"připravit se, nachystat",prepare,prɪ'peər,v
psychologie,psychology,saɪ'kɒlədʒɪ,n
"publikovat, uveřejnit",publish,'pʌblɪʃ,v
půlnoc,midnight,'mɪdnaɪt,n
raketa (kosmická),rocket,'rɒkɪt,n
relativita,relativity,",relə'tɪvəti",n
reportér,reporter,rɪ'pɔ:tə(r),n
reportér,reporter,rɪ'pɔ:tə(r),n
růže (jednotné č.) / růře (mn.číslo),rose / roses,rəʊz / 'rəʊzɪz,n
rychlé občerstvení,fast food,",fɑ:st 'fu:d",n
"rychle, svižně",quickly,'kwɪkli,adv
"sbírat (známky, mince)",collect,kə'ləkt,v
"sladkosti, bonbón, zákusek, cukrovinky",sweets (~ are),swi:ts,n pl
"strávit, prožít (čas)",spend,spend,v
střední škola (AmE),high school (AmE),'haɪ sku:l,n
"špatně, těžce, zle, vážně",badly,'bædli,adv
teorie,theory,'θɪəri,n
"tiše, nehlučně, nenápadně",quietly,'kwaɪətli,adv
To zní skvěle! / Dobrý nápad!,It sounds great!,ɪt saʊndz greɪt,věta
událost,event,ɪ'vent,n
"udělat krok, vykročit",step,step,v
v (kolik hodin),at,æt,prep
vesmír,space,speɪs,n
vlajka,flag,flæg,n
"vlna (srst, textilní surovina)",wool,wʊl,n
"vybavení, zařízení (vnitřní)",equipment,ɪ'kwɪpmənt,n
vyrytý nápis,inscription,ɪn'skrɪpʃn,n
vyskočit,leap,li:p,v
"vysoká škola, vyšší odborná činnost, vyšší dvouletá škola; nástavba (po střední škole)",college,'kɒlɪdʒ,n
"vzdělání, výchova",education,",edʒʊ'keɪʃn",n
vzorek,sample,'sɑ:mpl,n
vztyčit (vlajku) (fráz.sloveso),put up (a flag),pʊt 'ʌp,v
zábavní park,theme park,'θi:m pɑ:k,n
"zánět kloubů, artritida",arthritis,",ɑ:'θraɪtɪs",n
"znát, vědět",know,nəʊ,v
"zvyk, návyk",habit,'hæbɪt,n
život,life,laɪf,n
adaptér,adaptor,ə'dæptə(r),n
arašídové máslo,peanut butter,",pi:nʌt 'bʌtə(r)",n
aspirin,aspirin,'æsprɪn,n
"autobus (dálkový, zájezdový ap.)",coach,kouʧ,n
balíček sušenek,packet of biscuits,'pækɪt əv 'bɪskɪtz,n
"balíček, balení",packet,'pækɪt,n
banán,banana,bə'nɑ:nə,n
baterie,battery,'bætəri,n
bazalka,basil,'bæzl,n
"biftek, řízek, steak",steak,steɪk,n
"bohužel, je mi líto (jako omluva nebo nesouhlas)",I'm afraid,ə'freɪd,phr
brambory,potatoes,pə'teɪtəʊz,n
"brambůrky, chipsy, křupky",crisps,krɪsps,n
brokolice,broccoli,'brɒkəli,n
bylinky,herbs (pl),hɜ:bz,n pl
"celosvětový,  na celém světě",worldwide,'wə:ldwaɪd,adj
cibule,onion,'ʌnjən,n
cukr,sugar,'ʃʊgə(r),n
čaj,tea,ti:,n
"číšnice, servírka",waitress,'weɪtrəs,n
čokoláda,chocolate,'ʧɒklət,n
denně,daily,'deɪli,adv
"dítě, děcko (hovorově)",kid (informal),kɪd,n
dokud (v záporné větě),until,ʌn'tɪl,prep
"domácí potřeby, železářství",hardware shop,'hɑ:dweə(r) ʃɒp,n
"elegantní, módní",fashionable,'fæʃnəbl,adj
"francouzský rohlík, croissant",croissant,'krwæsɒ,n
gramy,grams,græmz,n pl
"hladovějící, vyhladovělý",starving,'stɑ:vɪŋ,adj
hladový,hungry,'hʌŋgri,adj
hořčice,mustard,'mʌstəd,n
hovězí (maso),beef,bi:f,n
hranolky,chips (UK),ʧɪpz,n
hrášek (mn.číslo),peas,pi:z,n pl
chlapec,boy,bɔɪ,n
chlazený nápoj,cold drink,kəʊld drɪŋk,n
chléb,bread,bred,n
"izolepa, samolepící páska",sellotape,'seləteɪp,n
jablko,apple,'æpl,n
jablkový džus,apple juice,'æpl dʒu:s,n
jahoda / jahody,strawberry / strawberries,'strɔ:bərɪ  / 'strɔ:bəriz,n
jogurt,yoghurt,'jɒgət,n
kapsa,pocket,'pɒkɪt,n
"klub, spolek",club,klʌb,n
kočka,cat,kæt,n
kolik (u nepočitatelných podst.jmen),how much,,věta
koření,spices,'spaɪsɪz,n pl
kraslené postavičky,cartoon characters,kɑ:'tu:n 'kærəktəz,n pl
kuchařka (kniha s recepty),cookbook,'kʊkbʊk,n
láhev (džusu/mléka),bottle (of juice/milk),'bɒtl (əv dʒu:s / mɪlk),n
"lahodný, velice chutný, výtečný (o jídle)",delicious,dɪ'lɪʃəs,adj
malina,raspberry,'rɑ:zbəri,n
máslo,butter,'bʌtə(r),n
maso,meat,mi:t,n
med,honey,'hʌni,n
mletý,minced,mɪnst,adj
"mrkev, karotka",carrot,'kærət,n
"nahrát, zaznamenat, udělat zápis",record,rɪ'kɔ:d,v
"náplast, leukoplast",plaster,'plɑ:stə(r),n
"nasekat, nakrájet (cibuli ap.)",chop,ʧɒp,v
"nechutný (čin ap.), odporný (zápach ap.)",disgusting,dɪs'gʌstɪŋ,adj
"některý, nějaký",some,sʌm,pron
neperlivý (voda),still (water),stɪl,adj
"nudný, otravný, obtěžující",boring,'bɔ:rɪŋ,adj
nůžky,scissors,'sɪzəz,n pl
obávat se,worry,'wʌri,v
objednat si,order (sth),'ɔ:də(r),v
"oblíbený, nejoblíbenější",favourite,'feɪvərɪt,adj
olej,oil,ɔɪl,n
olivy,olives,'ɒlɪvz,n pl
oříšek (oříšky),nut (nuts),nʌt (nʌts),n
ovocný koktejl,smoothie,'smu:ði:,n
papírnictví (prodejna),stationer’s,'steɪʃənəz,n
pepř,pepper,'pepə(r),n
"populární, oblíbený",popular,'pɒpjələ(r),adj
"porce, plátek, krajíc, řez",slice,slaɪs,n
potřebovat,need,ni:d,v
"promiňte, je mi líto, lituji",sorry,'sɒri,phr
"průzkum, dotazování, anketa",survey,sɜ:'veɪ,n
přidat,add,æd,v
"přísada, složka (při vaření ap.)",ingredient,ɪn'gri:diənt,n
rajče / rajčata,tomato / tomatoes,tə'mɑ:təʊ / tə'mɑ:təʊz,n
recept (kuchařský),recipe,'resəpi,n
rybí prsty,fish fingers,",fɪʃ 'fɪŋgəz",n pl
salát (zeleninový pokrm),salad,'sæləd,n
sázet peníze při hazardu,gamble,'gæmbl,v
seznam,list,lɪst,n
slanina,bacon,'beɪkən,n
"smažit, opékat",fry,fraɪ,v
"smíchat, zamíchat",mix,mɪks,v
sportovní,sports,spɔ:ts,adj
sporty,sports,spɔ:ts,n pl
"stánek s novinami, trafika",newsagent's,'nju:zeɪdʒənts,n
"střední, středně velký",medium,'mi:diəm,adj
"stýskat se po něčem, postrádat",miss,mɪs,v
suchý,dry,draɪ,adj
sůl,salt,sɒlt,n
"sušenky, keksy",biscuits (AmE cookies),'bɪskɪts / cʊki:z,n
šampon,shampoo,ʃæm'pu:,n
špagety,spaghetti,spə'geti,n
šroubovák,screwdriver,'skru:draɪvə(r),n
šunka,ham,hæm,n
těstoviny,pasta,'pæstə,n
"to není problém, klidně (jako souhlas)",no problem,nəʊ 'prɒbləm,
trochu,some,sʌm,det
tymián,thyme,taɪm,n
utratit,spend,spend,v
"vajíčko, vejce",egg,eg,n
vaření,cooking,'kʊkɪŋ,n
"vařit (jídlo ve vodě), vřít",boil,bɔɪl,v
"velikost, rozměr",size,saɪz,n
"velký, rozsáhlý, obrovský (rozlohou)",large,la:dʒ,adj
ven z (domu),out of (house),aʊt əv,phr
voda z kohoutku (z vodovodu),tap water,'tæp wɔ:tə(r),n
"vrchní kuchař, šéfkuchař",chef,ʃef,n
vrstva,layer,'leɪə(r),n
"vybíravý, příliš náročný (v jídle, vkusem)",fussy,'fʌsɪ,adj
zapečené mleté maso se šťouchanými brambory (Anglie),cottage pie,",kɒtɪdʒ 'paɪ",n
"zápisník, poznámkový sešit, notes",notebook,'nəʊtbʊk,n
zapomenout,forget,fə'get,v
"zejména, především (spojení s jednou věcí či člověkem)",especially,ɪ'speʃəli,adv
"zkusit, zkoušet, vyzkoušet,",try,traɪ,v
"známka (poštovní), kolek",stamp,stæmp,n
zubní pasta,toothpaste,'tu:θpeɪst,n
žádný (v záporné větě),any,'eni,det
"aktuální, moderní, poslední verze (programu ap.)",up-to-date,",ʌp tə 'deɪt",adj
Angličan,Englishman,'ɪŋglɪʃmən,n
architektura,architecture,'ɑ:kɪtekʧə(r),n
banka,bank,bæŋk,n
"bezpečný, bez rizika",safe,seɪf,adj
celebrity,celebritiies,sə'lebrətiz,n pl
"celkově, obecně, všeobecně",generally,'dʒenrəli,adv
centra obchodu,commercial centres,kə'mɜ:ʃl 'sentəz,n pl
"centrální, středový, v centru",central,'sentrəl,adj
císař,emperor,'empərə(r),n
cizinec (např. Brit v CZ),foreigner,'fɒrənə(r),n
dávat přednost (něčemu před něčím),prefer (~ sth to sth),prɪ'fɜ:(r),v
"deštivý, děštivo",rainy,'reɪni,adj
divadlo,theatre,'θɪətə(r),n
"dlouhý, vysoký (popis osoby)",tall,tɔ:l,adj
"doprava, transport (systém)",transport (~ is),'trænspɔ:t,n
dopravní značka,traffic sign,'træfɪk saɪn,n
elegantní (popis osoby - vzhled),elegant,'elɪgənt,adj
elektřina,electricity,"ɪ,lektrɪsəti",n
extrémní,extreme,ɪk'stri:m,adj
"historický, dějinný",historic,hɪ'stɒrɪk,adj
"hlasitý, hlučný",loud,laʊd,adj
hlavní město,capital (city),'kæpɪtl 'sɪtɪ,n
"hlavní sídlo firmy, ústředí, centrála",headquarters,",hed'kwɔ:təz",n
"hory, pohoří",mountains,'maʊntənz,n pl
hračkářství,toy shop,tɔɪ ʃɒp,n
hygienická opatření,sanitation,",sænɪ'teɪʃn",n
"chrám, svatyně",temple,'templ,n
"chudinské čtvrti, slumy",slums (pl),slʌmz,n
"chudoba, bída, nouze",poverty,'pɒvəti,n
jaro,spring,sprɪŋ,n
"jedinečný, unikátní",unique,ju'ni:k,adj
jih,south,saʊθ,n
kamenný,stone,stəʊn,adj
kilometr,kilometre (AmE - kilometer),kɪ'lɒmɪtə(r),n
"klenoty, šperky",jewellery (jewelry AmE),'dʒu:əlrɪ,n
"klima, podnebí",climate,'klaɪmət,n
kluby,clubs,clʌbz,n pl
koloniální,colonial,kə'ləʊniəl,adj
"konat se, dít se (fráz.sloveso)",take place,teɪk pleɪs,v
"kopec, hora, vrch",hill,hɪl,n
kostel,church,ʧɜ:ʧ,n
kruhová křižovatka,roundabout,raʊndəbaʊt,n
kultura,culture,'kʌlʧə(r),n
kvalita,quality,'kwɒləti,n
kvést (strom nebo keř),blossom,'blɒsəm,v
les,wood,wʊd,n
metro,Metro,'metrəʊ,n
móda,fashion,'fæʃn,n
"mokrý, vlhký, promáčený, zpocený",wet,wet,adj
mrakodrap,skyscraper,'skaɪskreɪpə(r),n
multikulturní,multicultural,",mʌlti'kʌlʧərəl",adj
náměstí (na náměstí),square (in the square),skweə(r),n
"někde,někam",somewhere,'sʌmweə(r),adv
nezávislost,independence,",ɪndɪ'pendəns",n
"noční klub, bar",nightclub,'naɪtklʌb,n
"obklopený, kolem dokola obehnaný",surrounded,sə'raʊndɪd,adj
oblast,area,'eəriə,n
"obrovský, rozlehlý, velikánský",huge,hju:dʒ,adj
"obyvatelstvo, celkový počet obyvatel",population,",pɒpjʊ'leɪʃn",n
opatrný,careful,'keəfl,adj
oranžový,orange,'ɒrɪndʒ,adj
"originálně, původně",originally,ə'rɪdʒənəlɪ,adv
"osoba, která musí dojíždět do zaměstnání",commuter,kə'mju:tə(r),n
"ovšem, samozřejmě",of course,ɒv 'kɔ:s,adv
palác,palace,'pæləs,n
pobřeží,coast,kəʊst,n
"poslední, nejnovější",latest,'leɪtɪst,adj
"potrava, jídlo",food,fu:d,n
pravdivý,true,tru:,adj
průmysl,industry,'ɪndəstri,n
"prvotřídní, špičkový",high-class,",haɪ'klɑ:s",adj
přechod pro chodce,pedestrian crossing,pə'destrɪən krɒsɪŋ,n
"přeplněný, nacpaný (lidmi)",crowded,'kraʊdɪd,adj
"přesnídávka, svačina, malé občerstvení",snacks,snæks,n
přízvuk,accent,'æksent,n
původem,originally,ə'rɪdʒənəlɪ,adv
"roční období, sezóna",season,'si:zn,n
romantický,romantic,rəʊ'mæntɪk,adj
"rozmanitost, různé druhy",variety,və'raɪəti,n
"rukodělné, řemeslné výrobky",handicrafts,'hændɪkrɑ:fts,n
růžová,pink,pɪŋk,adj
rybaření; rybolov,fishing,'fɪʃɪŋ,n
řeka,river,'rivə(r),n
"říše, království, impérium",empire,'empaɪə(r),n
semafor,traffic lights,'træfɪk laɪts,n
sever,north,nɔ:θ,n
stovky,hundreds,'hʌndrədz,n pl
"super, skvělý, senza, fajn",cool,ku:l,adj
svatyně,shrine,ʃraɪn,n
systém metra,subway system,'sʌbweɪ sɪstəm,n
"tajuplný, záhadný",mysterious,mɪ'stɪəriəs,adj
tetování,tattoo,tə'tu:,n
"tišší, méně hlučný",quieter,'kwaɪətə(r),adj
tradiční,traditional,trə'dɪʃənl,adj
"trh, tržiště (stánky)",market,'mɑ:kɪt,n
třešeň,cherry,'ʧeri,n
turistická atrakce,tourist attraction,'tɔ:rɪst ə'trækʃn,n
údolí,valley,'væli,n
"umělec, výtvarník (malíř,sochař ap.)",artist,'ɑ:tɪst,n
"velkoměsto, megalopole",megacity,"'megə,sɪti",n
veřejná doprava,public transport,'pʌblɪk 'trænspɔ:t,n
veřejné lázně,public bath,pʌblɪk 'bɑ:θ,n
vlhký,humid,'hju:mɪd,adj
"vtrhnout, podniknout invazi, napadnout",invade,ɪn'veɪd,v
východ (světová strana),east,i:st,n
"východ slunce, svítání",sunrise,'sʌnraɪz,n
"vyrábět, produkovat",produce,prə'dju:s,v
"vzduch, ovzduší",air,eə(r),n
západ slunce,sunset,'sʌnset,n
zboží (~ je),goods (~ are),gʊdz,n
"zdvořilý, slušný",polite,pə'laɪt,adj
zemětřesení,earthquake,'ɜ:θkweɪk,n
"zkušenost, zážitek",experience,ɪk'spɪəriəns,n
zlato (materiál),gold,goʊld,n
změnit,change,ʧeɪndʒ,v
"znečištění, znečišťující látka",pollution,pə'lu:ʃn,n
železniční síť,railway system,'reɪlweɪ 'sɪstem,n
"bojovat, prát se",fight,faɪt,v
bota (boty),shoe (shoes),ʃu:  (ʃu:z),n
"boty (vysoké, sportovní, holínky)",boots,bu:t,n
detektiv,detective,dɪ'tektɪv,n
dlouhý (vlasy ap.),long,lɒŋ,adj
dvojčata,twins,twɪnz,n
"fopady, vlivy, následky",effects,ɪ'fekts,n pl
gravitace,gravity,'grævəti,n
herec,actor,'æktə(r),n
hezký (o muži) (popis osoby - vzhled),handsome,'hænsəm,adj
"hezký, pohledný  (o muži - vzhled)",good-looking,",gʊd'lʊkɪŋ",adj
"hluk, rámus",noise,nɔɪz,n
hnědá,brown,braʊn,adj
hvězda,star,stɑ:(r),n
"chuť, příchuť, ochutnávání",taste,teɪst,n
"identický, shodný, stejný",identical,aɪ'dentɪkl,adj
"kabát, plášť, sako, bunda",coat,kəʊt,n
"klobouk, čepice",hat,hæt,n
"kóje, buňka, oddělená část",compartment,kəm'pɑ:tmənt,n
"kořeněný, ostrý",spicy,spaɪsɪ,adj
kost,bone,bəʊn,n
"kraťasy, šortky, trenýrky",shorts (pl),ʃɔ:ts,n
"krátký, malý, nízký",short,ʃɔ:t,adj
"kroužit kolem, obíhat kolem (po oběžné dráze)",orbit,'ɔ:bɪt,v
kyslík,oxygen,'ɒksɪdʒən,n
laboratoř,laboratory (informal lab),lə'bɒrətri,n
lžíce,spoon,spu:n,n
modrá,blue,blu:,n
"nástroj, pomůcka, přístroj",instrument,'ɪnstrəmənt,n
"neobvyklý, neobyčejný, zvláštní",unusual,ʌn'ju:ʒuəl,adj
"neuvěřitelný (skvělý, úžasný)",incredible,ɪn'kredəbl,adj
Nevadí. To nic. (promíjín co se stalo),Never mind.,'nevər maɪnd,
omáčka,sauce,sɔ:s,n
"ovlivnit, postihnout, mít vliv (nikotin, sucho ap.)",affect,ə'fekt,v
"pár, dvojice",couple,'kʌpl,n
"pěkná, hezká, krásná (ne o muži) (popis osoby - vzhled)",pretty,'prɪti,adj
planeta,planet,'plænɪt,n
"plechovka, konzerva (sardinek)",tin (of sardines),",tɪn əv sɑ:'di:n",n
"plout (po vodě), vznášet se (ve vzduchu)",float,floʊt,v
pod (čím),below,bɪ'ləʊ,prep
podmínky,conditions,kən'dɪʃənz,n pl
pokus,experiment,ɪk'sperɪmənt,n
"PRAVDA, skutečnost, fakt",truth,tru:θ,n
"přenosný počítač, notebook",laptop,'læptɒp,n
"připevněný, připojený",attached,ə'tæʧt,adj
"příprava, přípravná fáze (před hlavní činností)",preparation,",prepə'reɪʃn",n
"purpurový, fialový",purple,'pɜ:pl,adj
původ,origin,'ɒrɪdʒɪn,n
"románek, milostný poměr/ vztah",romance,'rəʊmæns,n
rozhodnout (se),decide,dɪ'saɪd,v
soutěžit,compete,kəm'pi:t,v
sportovní / běžecké boty,trainers,'treɪnəz,n pl
"stát se, přihodit se (událost)",happen,'hæpən,v
"statní svátek, den pracovního volna",bank holiday,",bæŋk 'hɒlədəɪ",n
"stavět, postavit",build,bɪld,v
sukně,skirt,skɜ:t,n
sval,muscle,'mʌsl,n
"světlovlasý, plavovlasý, blond (vlasy)",blonde (AmE blond),blɒnd,adj
"šátek, šála, přehoz kolem ramen",scarf,skɑ:f,n
šaty (dámské),dress,dres,n
"tmavý, temný",dark,dɑ:k,adj
tričko (s krátkými rukávy),T-shirt,'ti:ʃɜ:t,n
umývání nádobí,washing-up,'wɒʃɪŋ ʌp,n
"velmi podobný, stejný",alike,ə'laɪk,adj
vesmír (všeobecně),the universe,ðə 'ju:nɪvɜ:s,n
"vyvíjet, vytvářet, rozvíjet (nový výrobek ap.)",develop,dɪ'veləp,v
"výzkum, bádání",research,rɪ'sɜ:tʃ,n
"zapnout (rádio, lampu ap.)",switch on,swɪʧ 'ɒn,v
zásoby,supplies,sə'plaɪz,n pl
"země(koule), svět",Earth,ɜ:θ,n
"zpráva, vzkaz",message,'mesɪdʒ,n
"barevný, barvitý, pestrý",colorful,'kʌləfl,adj
batoh,backpack,'bækpæk,n
"bouřka, bouře",storm,stɔ:m,n
"brzy, zanedlouho",soon,su:n,adv
budoucnost,future,'fju:ʧə(r),n
"bunda, sako, kabátek",jacket,'dʒækɪt,n
"hrom, zahřmění",thunder,'θʌndə(r),n
"jednoduchý, prostý",simple,'sɪmpl,adj
kolemjdoucí,passer-by (pl. passers-by),",pa:sə'baɪ (,pɑ:səz'baɪ)",n
"kufr, cestovní zavazadlo",suitcase,'su:tkeɪs,n
kýchat,sneeze,sni:z,v
"lézt, stoupat, šplhat (po horách)",climb,klaɪm,v
"lidová píseň, píseň k táboráku",folk song,'fəʊk sɒŋ,n
lidský,human,'hju:mən,adj
"mírový, poklidný; tichý (místo)",peaceful,pi:sfl,adj
"najmout, zjednat si (pracovníka ap.), pronajmout (věc)",hire,'haɪə(r),v
"nést, nosit",carry,'kærɪ,v
"očekávaný, něco má nastat",due,dju:,adj
odejít do důchodu,retire,rɪ'taɪə(r),v
"padat, spadnout, klesnout, propadnout se",fall,fɔ:l,v
"perfektní, dokonalý",perfect,pə:'fɪkt,adj
piknik,picnic,'pɪknɪk,n
"plánovat, zamýšlet",plan,plæn,v
"platový postup, zvýšení platu",pay rise,'peɪ raɪz,n
podcast,podcast,'pɒdkɑ:st,n
"pohostinnost, pohoštění",hospitality,",hɒspɪ'tælɪti",n
"políbit, líbat",kiss,kɪs,v
pozdní večeře (poslední jídlo dne),supper,'sʌpər,n
pyramida,pyramid,'pɪrəmɪd,n
"safari, lovecká výprava",safari,sə'fɑ:ri,n
"soulad, harmonie",harmony,'hɑ:məni,n
"stresující (situace, práce ap.)",stressful,'stresfl,adj
"svoboda, volnost",freedom,'fri:dəm,n
umývat nádobí,do the washing,du: ðə 'wɒʃɪŋ,v
upustit,drop,drɒp,v
usmívat se,smile,smaɪl,v
vycházková hůl,walking stick,'wɔ:kɪŋ stɪk,n
výletní/ zábavní plavba,cruise,kru:z,n
"vyrůst, dospívat",grow up,grəʊ 'ʌp,v
"vystrašený, vyděšený",frightened,'fraɪtnd,adj
Wales,Wales,weɪlz,n
"website, místo na webu",website,'websaɪt,n
"známka (chování ap.), projev",sign,saɪn,n
akr (míra plochy),acre,'eɪkə(r),n
"akt, jednání (divadelní)",act (of play),ækt,n
Austrálie,Australia,ɒ'streɪlɪə,n
balení (zavazadel),packing,'pækɪŋ,n
báseň,poem,'pəʊɪm,n
"bezpečnost, zabezpečení, ostraha",security,sɪ'kjʊərəti,n
bílý,white,waɪt,adj
"bláto, bahno",mud,mʌd,n
Brazílie,Brazil,brə'zɪl,n
"cesta (někam za určitým účelem), výlet",trip,trɪp,n
cider (kvašený jablečný mošt),cider,'saɪdə(r),n
Čína,China,'ʧaɪnə,n
"dav, zástup",crowd,kraʊd,n
"definitivní, konečný, s rozhodnou platností",definite,'defɪnət,adj
"dodávkové auto, dodávka",van,væn,n
hlučný,noisy,'nɔɪzi,adj
Itálie,Italy,'ɪtəli,n
ještě ne (v záporných větách),yet,jet,adv
"jeviště, pódium",stage,steɪdʒ,n
"kolega, partner",colleague,'kɒli:g,n
koleno (část těla),knee,ni:,n
"nálada, atmosféra",atmosphere,'ætməsfɪə(r),n
nástupiště,platform,'plætfɔ:m,n
návštěvníci festivalu,festival goers,'festɪvl 'gəʊəz,n pl
nepřetržitý,continual,kən'tɪnjuəl,adj
"nesmysl, hovadina, blbost",rubbish,'rʌbɪʃ,n
"neuspět, propadnout, selhat",fail,feɪl,v
odbavit se před letem,check in,ʧek 'ɪn,v
"paměť, vzpomínka",memory,'meməri,n
"porce, kus, kousek",piece,pi:s,n
potápění s dýchacím přístrojem,scuba diving,'sku:bə 'daɪvɪŋ,n
"právě, zrovna",just,dʒʌst,adv
"přihlásit se k pobytu, ubytovat se (fráz.sloveso)",check in (~ at the hotel),ʧek ɪn,n
"přihlásit se k pobytu, ubytovat se, odbavit, zaregistrovat se (fráz.sloveso)",check in (~ at the hotel),ʧek ɪn,n
příruční zavazadlo,hand luggage,'hænd lʌgɪdʒ,n
rockový koncert,rock concert,rɒk 'kɒnsət,n
"řada, fronta",queue,kju:,n
Řecko,Greece,gri:s,n
"slavnost, svátek, festival",festival,'festɪvl,n
"slogan, reklamní heslo",slogan,'sləʊgən,n
sluneční svit / záře,sunshine,'sʌnʃaɪn,n
smrt,death,deθ,n
Spojené státy,the US,ðə ju'es,n
stan,tent,tent,n
"super, parádní, skvělý, brilantní",brilliant,'brɪliənt,adj
tabule s odlety letadel / s odjezdy vlaků,departures board,"dɪ'pɑ:ʧəz ,bɔ:d",n
taxi,taxi (AmE cab),'tæksi (kæb),n
"týkat se něčeho, vztahovat se k něčemu",refer to,rɪ'fɜ: tə:,v
"účinkující, umělec, představitel",performer,pə'fɔ:mə(r),n
"událost venku, pod širým nebem",open-air,",əʊpən 'eə(r)",n
"úspory, našetřené peníze",savings,'seɪvɪŋz,n
Velká Británie,Great Britain,",greɪt 'brɪtn",n
"velké letadlo, jumbo jet",jumbo jet,",dʒʌmbəʊ 'dʒet",n
"vůbec, nikdy (v záporu)",ever,'evər,adv
vycházet (s někým) dobře,get on (well with sb),get ɒn ('wel wið),v
"vycházet s (s kým), dařit se (s čím)",get on (well) with (sb/sth),get ɒn (wel) wɪð,v
"vyjádřit, vyslovit (názor ap.)",express,ɪk'spres,v
"vytisknout, tisknout",print,prɪnt,v
zavazadlo,luggage (AmE baggage),'lʌgɪdʒ ('bægɪdʒ),n
"zklamaný (čím, kým)",disappointed,",dɪsə'poɪntɪd",adj
"zúčastnit se, chodit (do školy/ na hodiny/ na kurz)",attend (school/classes/a course),ə'tend,v
"zvednout, zdvihnout  (dítě,hlavu, hladina ap.)",rise,raɪz,v
žlutý,yellow,'jeləʊ,adj
